State,Cong District,Election,1st pref,2nd pref,3rd pref,4th pref,5th pref,Votes Cast
ME,2,2018,B,B,B,B,B,187
ME,2,2018,B,B,B,B,D,1
ME,2,2018,B,B,B,B,H,1
ME,2,2018,B,B,B,B,U,11
ME,2,2018,B,B,B,D,R,1
ME,2,2018,B,B,B,H,D,1
ME,2,2018,B,B,B,H,H,1
ME,2,2018,B,B,B,H,U,1
ME,2,2018,B,B,B,R,H,1
ME,2,2018,B,B,B,U,B,2
ME,2,2018,B,B,B,U,H,1
ME,2,2018,B,B,B,U,U,10
ME,2,2018,B,B,D,D,B,1
ME,2,2018,B,B,D,D,D,3
ME,2,2018,B,B,D,D,R,1
ME,2,2018,B,B,D,D,U,1
ME,2,2018,B,B,D,H,H,1
ME,2,2018,B,B,D,H,R,3
ME,2,2018,B,B,D,U,U,1
ME,2,2018,B,B,H,D,D,1
ME,2,2018,B,B,H,D,R,3
ME,2,2018,B,B,H,H,B,3
ME,2,2018,B,B,H,H,H,2
ME,2,2018,B,B,H,H,R,1
ME,2,2018,B,B,H,H,U,1
ME,2,2018,B,B,H,R,U,2
ME,2,2018,B,B,H,U,H,1
ME,2,2018,B,B,H,U,R,1
ME,2,2018,B,B,H,U,U,1
ME,2,2018,B,B,R,H,D,1
ME,2,2018,B,B,R,H,H,1
ME,2,2018,B,B,R,R,R,1
ME,2,2018,B,B,U,D,R,1
ME,2,2018,B,B,U,H,R,1
ME,2,2018,B,B,U,U,B,2
ME,2,2018,B,B,U,U,U,23
ME,2,2018,B,D,B,B,B,3
ME,2,2018,B,D,B,B,D,1
ME,2,2018,B,D,B,D,B,7
ME,2,2018,B,D,B,D,D,1
ME,2,2018,B,D,B,D,H,1
ME,2,2018,B,D,B,H,R,3
ME,2,2018,B,D,B,R,U,1
ME,2,2018,B,D,B,U,U,3
ME,2,2018,B,D,D,B,B,1
ME,2,2018,B,D,D,B,D,2
ME,2,2018,B,D,D,D,D,5
ME,2,2018,B,D,D,D,U,1
ME,2,2018,B,D,D,H,R,1
ME,2,2018,B,D,D,H,U,2
ME,2,2018,B,D,D,R,U,3
ME,2,2018,B,D,D,U,U,4
ME,2,2018,B,D,H,B,D,1
ME,2,2018,B,D,H,B,R,2
ME,2,2018,B,D,H,B,U,1
ME,2,2018,B,D,H,D,B,1
ME,2,2018,B,D,H,D,D,1
ME,2,2018,B,D,H,D,U,1
ME,2,2018,B,D,H,H,H,1
ME,2,2018,B,D,H,H,R,1
ME,2,2018,B,D,H,H,U,5
ME,2,2018,B,D,H,O,R,2
ME,2,2018,B,D,H,O,U,2
ME,2,2018,B,D,H,R,B,4
ME,2,2018,B,D,H,R,D,1
ME,2,2018,B,D,H,R,H,1
ME,2,2018,B,D,H,R,R,13
ME,2,2018,B,D,H,R,U,1848
ME,2,2018,B,D,H,U,B,2
ME,2,2018,B,D,H,U,O,1
ME,2,2018,B,D,H,U,R,231
ME,2,2018,B,D,H,U,U,912
ME,2,2018,B,D,O,H,R,1
ME,2,2018,B,D,O,R,R,1
ME,2,2018,B,D,O,R,U,4
ME,2,2018,B,D,O,U,U,3
ME,2,2018,B,D,R,D,U,2
ME,2,2018,B,D,R,H,B,1
ME,2,2018,B,D,R,H,D,1
ME,2,2018,B,D,R,H,H,1
ME,2,2018,B,D,R,H,R,1
ME,2,2018,B,D,R,H,U,387
ME,2,2018,B,D,R,R,R,1
ME,2,2018,B,D,R,U,H,15
ME,2,2018,B,D,R,U,R,1
ME,2,2018,B,D,R,U,U,129
ME,2,2018,B,D,U,H,H,1
ME,2,2018,B,D,U,H,R,43
ME,2,2018,B,D,U,H,U,6
ME,2,2018,B,D,U,R,H,9
ME,2,2018,B,D,U,R,U,9
ME,2,2018,B,D,U,U,H,2
ME,2,2018,B,D,U,U,O,2
ME,2,2018,B,D,U,U,R,10
ME,2,2018,B,D,U,U,U,1060
ME,2,2018,B,H,B,B,B,5
ME,2,2018,B,H,B,B,R,1
ME,2,2018,B,H,B,D,D,1
ME,2,2018,B,H,B,H,B,14
ME,2,2018,B,H,B,H,O,1
ME,2,2018,B,H,B,H,U,2
ME,2,2018,B,H,B,O,B,1
ME,2,2018,B,H,B,R,D,2
ME,2,2018,B,H,B,R,U,8
ME,2,2018,B,H,B,U,U,5
ME,2,2018,B,H,D,B,B,1
ME,2,2018,B,H,D,B,R,1
ME,2,2018,B,H,D,B,U,1
ME,2,2018,B,H,D,D,B,1
ME,2,2018,B,H,D,D,D,1
ME,2,2018,B,H,D,D,R,1
ME,2,2018,B,H,D,D,U,1
ME,2,2018,B,H,D,H,R,4
ME,2,2018,B,H,D,H,U,3
ME,2,2018,B,H,D,O,U,1
ME,2,2018,B,H,D,R,B,3
ME,2,2018,B,H,D,R,D,2
ME,2,2018,B,H,D,R,R,5
ME,2,2018,B,H,D,R,U,2021
ME,2,2018,B,H,D,U,B,1
ME,2,2018,B,H,D,U,R,153
ME,2,2018,B,H,D,U,U,593
ME,2,2018,B,H,H,B,B,1
ME,2,2018,B,H,H,B,H,2
ME,2,2018,B,H,H,B,U,1
ME,2,2018,B,H,H,D,R,2
ME,2,2018,B,H,H,H,H,3
ME,2,2018,B,H,H,R,D,2
ME,2,2018,B,H,H,R,U,3
ME,2,2018,B,H,H,U,U,3
ME,2,2018,B,H,O,B,U,1
ME,2,2018,B,H,O,D,U,1
ME,2,2018,B,H,O,O,D,1
ME,2,2018,B,H,O,O,O,1
ME,2,2018,B,H,O,R,U,5
ME,2,2018,B,H,O,U,R,1
ME,2,2018,B,H,O,U,U,11
ME,2,2018,B,H,R,B,B,2
ME,2,2018,B,H,R,B,D,1
ME,2,2018,B,H,R,B,H,1
ME,2,2018,B,H,R,B,R,1
ME,2,2018,B,H,R,B,U,13
ME,2,2018,B,H,R,D,D,9
ME,2,2018,B,H,R,D,H,1
ME,2,2018,B,H,R,D,O,1
ME,2,2018,B,H,R,D,U,1001
ME,2,2018,B,H,R,H,D,1
ME,2,2018,B,H,R,H,U,4
ME,2,2018,B,H,R,O,D,1
ME,2,2018,B,H,R,O,U,5
ME,2,2018,B,H,R,R,D,1
ME,2,2018,B,H,R,R,U,7
ME,2,2018,B,H,R,U,B,1
ME,2,2018,B,H,R,U,D,69
ME,2,2018,B,H,R,U,U,206
ME,2,2018,B,H,U,D,D,1
ME,2,2018,B,H,U,D,H,1
ME,2,2018,B,H,U,D,R,129
ME,2,2018,B,H,U,D,U,14
ME,2,2018,B,H,U,H,R,1
ME,2,2018,B,H,U,H,U,1
ME,2,2018,B,H,U,O,U,1
ME,2,2018,B,H,U,R,D,85
ME,2,2018,B,H,U,R,H,1
ME,2,2018,B,H,U,R,O,1
ME,2,2018,B,H,U,R,R,1
ME,2,2018,B,H,U,R,U,8
ME,2,2018,B,H,U,U,D,1
ME,2,2018,B,H,U,U,H,1
ME,2,2018,B,H,U,U,O,15
ME,2,2018,B,H,U,U,R,7
ME,2,2018,B,H,U,U,U,1006
ME,2,2018,B,O,B,H,H,1
ME,2,2018,B,O,D,H,U,1
ME,2,2018,B,O,D,R,B,1
ME,2,2018,B,O,D,R,U,4
ME,2,2018,B,O,D,U,U,1
ME,2,2018,B,O,H,R,U,3
ME,2,2018,B,O,H,U,R,1
ME,2,2018,B,O,H,U,U,4
ME,2,2018,B,O,R,D,U,3
ME,2,2018,B,O,R,H,U,1
ME,2,2018,B,O,R,U,D,1
ME,2,2018,B,O,R,U,U,2
ME,2,2018,B,O,U,D,U,1
ME,2,2018,B,O,U,R,U,1
ME,2,2018,B,O,U,U,R,2
ME,2,2018,B,O,U,U,U,7
ME,2,2018,B,R,B,B,B,1
ME,2,2018,B,R,B,D,U,3
ME,2,2018,B,R,B,H,U,2
ME,2,2018,B,R,B,O,H,1
ME,2,2018,B,R,B,R,B,1
ME,2,2018,B,R,B,U,U,1
ME,2,2018,B,R,D,B,U,1
ME,2,2018,B,R,D,H,B,1
ME,2,2018,B,R,D,H,D,1
ME,2,2018,B,R,D,H,H,2
ME,2,2018,B,R,D,H,R,1
ME,2,2018,B,R,D,H,U,326
ME,2,2018,B,R,D,R,U,6
ME,2,2018,B,R,D,U,H,7
ME,2,2018,B,R,D,U,R,1
ME,2,2018,B,R,D,U,U,65
ME,2,2018,B,R,H,B,D,2
ME,2,2018,B,R,H,B,R,2
ME,2,2018,B,R,H,B,U,3
ME,2,2018,B,R,H,D,B,1
ME,2,2018,B,R,H,D,D,1
ME,2,2018,B,R,H,D,R,1
ME,2,2018,B,R,H,D,U,542
ME,2,2018,B,R,H,H,H,1
ME,2,2018,B,R,H,H,O,1
ME,2,2018,B,R,H,R,U,3
ME,2,2018,B,R,H,U,B,1
ME,2,2018,B,R,H,U,D,39
ME,2,2018,B,R,H,U,U,99
ME,2,2018,B,R,O,D,U,2
ME,2,2018,B,R,O,H,U,2
ME,2,2018,B,R,O,U,U,2
ME,2,2018,B,R,R,D,U,1
ME,2,2018,B,R,R,H,D,1
ME,2,2018,B,R,R,R,B,1
ME,2,2018,B,R,R,R,D,1
ME,2,2018,B,R,R,R,R,1
ME,2,2018,B,R,R,U,U,5
ME,2,2018,B,R,U,D,H,2
ME,2,2018,B,R,U,D,U,4
ME,2,2018,B,R,U,H,D,9
ME,2,2018,B,R,U,R,D,1
ME,2,2018,B,R,U,U,D,1
ME,2,2018,B,R,U,U,H,1
ME,2,2018,B,R,U,U,O,1
ME,2,2018,B,R,U,U,U,444
ME,2,2018,B,U,B,U,B,1
ME,2,2018,B,U,B,U,U,2
ME,2,2018,B,U,D,H,R,22
ME,2,2018,B,U,D,H,U,1
ME,2,2018,B,U,D,O,U,1
ME,2,2018,B,U,D,R,D,1
ME,2,2018,B,U,D,R,H,4
ME,2,2018,B,U,D,R,R,1
ME,2,2018,B,U,D,R,U,3
ME,2,2018,B,U,D,U,O,4
ME,2,2018,B,U,D,U,R,1
ME,2,2018,B,U,D,U,U,2
ME,2,2018,B,U,H,B,B,1
ME,2,2018,B,U,H,B,U,1
ME,2,2018,B,U,H,D,R,47
ME,2,2018,B,U,H,D,U,7
ME,2,2018,B,U,H,O,U,2
ME,2,2018,B,U,H,R,D,28
ME,2,2018,B,U,H,R,U,2
ME,2,2018,B,U,H,U,D,1
ME,2,2018,B,U,H,U,O,1
ME,2,2018,B,U,H,U,R,1
ME,2,2018,B,U,H,U,U,4
ME,2,2018,B,U,O,U,U,1
ME,2,2018,B,U,R,D,H,1
ME,2,2018,B,U,R,D,R,1
ME,2,2018,B,U,R,H,D,17
ME,2,2018,B,U,R,O,D,1
ME,2,2018,B,U,R,U,U,1
ME,2,2018,B,U,U,B,U,1
ME,2,2018,B,U,U,D,O,1
ME,2,2018,B,U,U,D,R,5
ME,2,2018,B,U,U,D,U,5
ME,2,2018,B,U,U,H,D,2
ME,2,2018,B,U,U,H,O,6
ME,2,2018,B,U,U,H,R,1
ME,2,2018,B,U,U,O,R,4
ME,2,2018,B,U,U,R,D,4
ME,2,2018,B,U,U,R,U,6
ME,2,2018,B,U,U,U,D,6
ME,2,2018,B,U,U,U,H,4
ME,2,2018,B,U,U,U,O,16
ME,2,2018,B,U,U,U,R,15
ME,2,2018,B,U,U,U,U,4045
ME,2,2018,D,B,B,B,B,7
ME,2,2018,D,B,B,B,D,1
ME,2,2018,D,B,B,B,H,1
ME,2,2018,D,B,B,B,O,1
ME,2,2018,D,B,B,B,U,6
ME,2,2018,D,B,B,D,B,1
ME,2,2018,D,B,B,D,U,1
ME,2,2018,D,B,B,H,H,2
ME,2,2018,D,B,B,H,R,9
ME,2,2018,D,B,B,H,U,3
ME,2,2018,D,B,B,R,D,1
ME,2,2018,D,B,B,R,R,1
ME,2,2018,D,B,B,R,U,23
ME,2,2018,D,B,B,U,R,3
ME,2,2018,D,B,B,U,U,37
ME,2,2018,D,B,D,B,B,4
ME,2,2018,D,B,D,B,D,8
ME,2,2018,D,B,D,B,H,2
ME,2,2018,D,B,D,B,U,2
ME,2,2018,D,B,D,D,B,1
ME,2,2018,D,B,D,D,D,25
ME,2,2018,D,B,D,D,H,1
ME,2,2018,D,B,D,D,U,2
ME,2,2018,D,B,D,H,B,1
ME,2,2018,D,B,D,H,D,2
ME,2,2018,D,B,D,H,H,1
ME,2,2018,D,B,D,H,R,22
ME,2,2018,D,B,D,H,U,12
ME,2,2018,D,B,D,O,H,1
ME,2,2018,D,B,D,R,D,1
ME,2,2018,D,B,D,R,H,1
ME,2,2018,D,B,D,R,U,50
ME,2,2018,D,B,D,U,R,6
ME,2,2018,D,B,D,U,U,59
ME,2,2018,D,B,H,B,B,1
ME,2,2018,D,B,H,B,D,2
ME,2,2018,D,B,H,B,H,5
ME,2,2018,D,B,H,B,O,1
ME,2,2018,D,B,H,B,R,6
ME,2,2018,D,B,H,B,U,34
ME,2,2018,D,B,H,D,B,12
ME,2,2018,D,B,H,D,D,46
ME,2,2018,D,B,H,D,R,4
ME,2,2018,D,B,H,D,U,7
ME,2,2018,D,B,H,H,H,2
ME,2,2018,D,B,H,H,R,13
ME,2,2018,D,B,H,H,U,31
ME,2,2018,D,B,H,O,B,1
ME,2,2018,D,B,H,O,R,2
ME,2,2018,D,B,H,O,U,13
ME,2,2018,D,B,H,R,B,3
ME,2,2018,D,B,H,R,D,5
ME,2,2018,D,B,H,R,H,1
ME,2,2018,D,B,H,R,O,1
ME,2,2018,D,B,H,R,R,148
ME,2,2018,D,B,H,R,U,19065
ME,2,2018,D,B,H,U,B,3
ME,2,2018,D,B,H,U,D,3
ME,2,2018,D,B,H,U,H,3
ME,2,2018,D,B,H,U,O,2
ME,2,2018,D,B,H,U,R,3314
ME,2,2018,D,B,H,U,U,17143
ME,2,2018,D,B,O,B,R,1
ME,2,2018,D,B,O,D,R,1
ME,2,2018,D,B,O,H,U,4
ME,2,2018,D,B,O,O,B,1
ME,2,2018,D,B,O,R,U,44
ME,2,2018,D,B,O,U,R,3
ME,2,2018,D,B,O,U,U,26
ME,2,2018,D,B,R,B,H,2
ME,2,2018,D,B,R,B,U,8
ME,2,2018,D,B,R,D,B,1
ME,2,2018,D,B,R,D,D,5
ME,2,2018,D,B,R,D,U,4
ME,2,2018,D,B,R,H,B,2
ME,2,2018,D,B,R,H,D,1
ME,2,2018,D,B,R,H,H,4
ME,2,2018,D,B,R,H,R,4
ME,2,2018,D,B,R,H,U,1214
ME,2,2018,D,B,R,O,U,3
ME,2,2018,D,B,R,R,H,1
ME,2,2018,D,B,R,R,R,1
ME,2,2018,D,B,R,R,U,14
ME,2,2018,D,B,R,U,B,2
ME,2,2018,D,B,R,U,H,26
ME,2,2018,D,B,R,U,R,7
ME,2,2018,D,B,R,U,U,452
ME,2,2018,D,B,U,H,B,1
ME,2,2018,D,B,U,H,R,228
ME,2,2018,D,B,U,H,U,30
ME,2,2018,D,B,U,O,R,1
ME,2,2018,D,B,U,O,U,1
ME,2,2018,D,B,U,R,D,1
ME,2,2018,D,B,U,R,H,10
ME,2,2018,D,B,U,R,R,4
ME,2,2018,D,B,U,R,U,27
ME,2,2018,D,B,U,U,H,2
ME,2,2018,D,B,U,U,O,4
ME,2,2018,D,B,U,U,R,76
ME,2,2018,D,B,U,U,U,10144
ME,2,2018,D,D,B,B,B,10
ME,2,2018,D,D,B,B,D,5
ME,2,2018,D,D,B,B,H,5
ME,2,2018,D,D,B,B,U,8
ME,2,2018,D,D,B,D,B,4
ME,2,2018,D,D,B,D,D,3
ME,2,2018,D,D,B,D,H,1
ME,2,2018,D,D,B,D,R,2
ME,2,2018,D,D,B,D,U,1
ME,2,2018,D,D,B,H,B,2
ME,2,2018,D,D,B,H,D,8
ME,2,2018,D,D,B,H,H,3
ME,2,2018,D,D,B,H,R,11
ME,2,2018,D,D,B,H,U,10
ME,2,2018,D,D,B,O,B,1
ME,2,2018,D,D,B,R,D,1
ME,2,2018,D,D,B,R,H,3
ME,2,2018,D,D,B,R,U,5
ME,2,2018,D,D,B,U,U,15
ME,2,2018,D,D,D,B,B,19
ME,2,2018,D,D,D,B,D,5
ME,2,2018,D,D,D,B,H,9
ME,2,2018,D,D,D,B,R,1
ME,2,2018,D,D,D,B,U,6
ME,2,2018,D,D,D,D,B,17
ME,2,2018,D,D,D,D,D,2127
ME,2,2018,D,D,D,D,H,4
ME,2,2018,D,D,D,D,O,1
ME,2,2018,D,D,D,D,R,11
ME,2,2018,D,D,D,D,U,123
ME,2,2018,D,D,D,H,B,6
ME,2,2018,D,D,D,H,D,2
ME,2,2018,D,D,D,H,H,4
ME,2,2018,D,D,D,H,R,3
ME,2,2018,D,D,D,H,U,2
ME,2,2018,D,D,D,R,D,1
ME,2,2018,D,D,D,R,R,5
ME,2,2018,D,D,D,R,U,6
ME,2,2018,D,D,D,U,B,1
ME,2,2018,D,D,D,U,D,6
ME,2,2018,D,D,D,U,R,2
ME,2,2018,D,D,D,U,U,141
ME,2,2018,D,D,H,B,B,2
ME,2,2018,D,D,H,B,D,1
ME,2,2018,D,D,H,B,H,1
ME,2,2018,D,D,H,B,R,5
ME,2,2018,D,D,H,B,U,4
ME,2,2018,D,D,H,D,B,1
ME,2,2018,D,D,H,D,D,2
ME,2,2018,D,D,H,D,R,1
ME,2,2018,D,D,H,H,D,1
ME,2,2018,D,D,H,H,H,5
ME,2,2018,D,D,H,H,U,2
ME,2,2018,D,D,H,R,B,2
ME,2,2018,D,D,H,R,R,1
ME,2,2018,D,D,H,R,U,27
ME,2,2018,D,D,H,U,R,2
ME,2,2018,D,D,H,U,U,14
ME,2,2018,D,D,O,D,D,1
ME,2,2018,D,D,R,B,U,1
ME,2,2018,D,D,R,D,D,1
ME,2,2018,D,D,R,H,U,1
ME,2,2018,D,D,R,R,B,3
ME,2,2018,D,D,R,R,R,11
ME,2,2018,D,D,R,R,U,3
ME,2,2018,D,D,R,U,U,5
ME,2,2018,D,D,U,D,U,1
ME,2,2018,D,D,U,H,D,1
ME,2,2018,D,D,U,H,R,1
ME,2,2018,D,D,U,O,U,1
ME,2,2018,D,D,U,U,D,3
ME,2,2018,D,D,U,U,R,1
ME,2,2018,D,D,U,U,U,265
ME,2,2018,D,H,B,B,B,2
ME,2,2018,D,H,B,B,U,13
ME,2,2018,D,H,B,D,D,14
ME,2,2018,D,H,B,D,H,5
ME,2,2018,D,H,B,D,O,1
ME,2,2018,D,H,B,D,R,4
ME,2,2018,D,H,B,D,U,9
ME,2,2018,D,H,B,H,B,2
ME,2,2018,D,H,B,H,R,15
ME,2,2018,D,H,B,H,U,14
ME,2,2018,D,H,B,O,U,8
ME,2,2018,D,H,B,R,B,1
ME,2,2018,D,H,B,R,D,3
ME,2,2018,D,H,B,R,H,1
ME,2,2018,D,H,B,R,R,60
ME,2,2018,D,H,B,R,U,6721
ME,2,2018,D,H,B,U,B,5
ME,2,2018,D,H,B,U,H,1
ME,2,2018,D,H,B,U,O,2
ME,2,2018,D,H,B,U,R,1064
ME,2,2018,D,H,B,U,U,5663
ME,2,2018,D,H,D,B,D,4
ME,2,2018,D,H,D,B,R,3
ME,2,2018,D,H,D,B,U,3
ME,2,2018,D,H,D,D,B,1
ME,2,2018,D,H,D,D,D,7
ME,2,2018,D,H,D,D,H,1
ME,2,2018,D,H,D,D,R,1
ME,2,2018,D,H,D,D,U,2
ME,2,2018,D,H,D,H,B,1
ME,2,2018,D,H,D,H,D,2
ME,2,2018,D,H,D,H,U,1
ME,2,2018,D,H,D,O,R,1
ME,2,2018,D,H,D,R,U,13
ME,2,2018,D,H,D,U,R,3
ME,2,2018,D,H,D,U,U,12
ME,2,2018,D,H,H,B,B,1
ME,2,2018,D,H,H,B,R,3
ME,2,2018,D,H,H,B,U,4
ME,2,2018,D,H,H,H,H,2
ME,2,2018,D,H,H,H,R,1
ME,2,2018,D,H,H,R,H,1
ME,2,2018,D,H,H,R,U,16
ME,2,2018,D,H,H,U,R,1
ME,2,2018,D,H,H,U,U,24
ME,2,2018,D,H,O,B,U,1
ME,2,2018,D,H,O,R,U,8
ME,2,2018,D,H,O,U,R,3
ME,2,2018,D,H,O,U,U,19
ME,2,2018,D,H,R,B,B,7
ME,2,2018,D,H,R,B,D,2
ME,2,2018,D,H,R,B,H,2
ME,2,2018,D,H,R,B,R,5
ME,2,2018,D,H,R,B,U,621
ME,2,2018,D,H,R,D,B,1
ME,2,2018,D,H,R,D,D,1
ME,2,2018,D,H,R,D,U,1
ME,2,2018,D,H,R,H,B,1
ME,2,2018,D,H,R,H,R,1
ME,2,2018,D,H,R,H,U,1
ME,2,2018,D,H,R,O,U,1
ME,2,2018,D,H,R,R,R,1
ME,2,2018,D,H,R,R,U,3
ME,2,2018,D,H,R,U,B,31
ME,2,2018,D,H,R,U,H,1
ME,2,2018,D,H,R,U,R,2
ME,2,2018,D,H,R,U,U,323
ME,2,2018,D,H,U,B,O,1
ME,2,2018,D,H,U,B,R,78
ME,2,2018,D,H,U,B,U,12
ME,2,2018,D,H,U,D,R,1
ME,2,2018,D,H,U,D,U,1
ME,2,2018,D,H,U,H,B,1
ME,2,2018,D,H,U,O,B,1
ME,2,2018,D,H,U,O,R,1
ME,2,2018,D,H,U,O,U,2
ME,2,2018,D,H,U,R,B,17
ME,2,2018,D,H,U,R,R,1
ME,2,2018,D,H,U,R,U,17
ME,2,2018,D,H,U,U,B,3
ME,2,2018,D,H,U,U,H,1
ME,2,2018,D,H,U,U,O,3
ME,2,2018,D,H,U,U,R,38
ME,2,2018,D,H,U,U,U,3054
ME,2,2018,D,O,B,B,H,1
ME,2,2018,D,O,B,B,U,1
ME,2,2018,D,O,B,H,U,2
ME,2,2018,D,O,B,R,D,1
ME,2,2018,D,O,B,R,U,13
ME,2,2018,D,O,B,U,R,4
ME,2,2018,D,O,B,U,U,8
ME,2,2018,D,O,D,B,U,1
ME,2,2018,D,O,D,D,D,3
ME,2,2018,D,O,D,O,O,1
ME,2,2018,D,O,H,B,U,3
ME,2,2018,D,O,H,R,U,61
ME,2,2018,D,O,H,U,R,5
ME,2,2018,D,O,H,U,U,29
ME,2,2018,D,O,O,D,D,1
ME,2,2018,D,O,O,O,R,1
ME,2,2018,D,O,O,R,R,1
ME,2,2018,D,O,O,R,U,1
ME,2,2018,D,O,O,U,U,5
ME,2,2018,D,O,R,B,U,2
ME,2,2018,D,O,R,D,D,1
ME,2,2018,D,O,R,H,U,5
ME,2,2018,D,O,R,U,H,1
ME,2,2018,D,O,R,U,U,23
ME,2,2018,D,O,U,H,R,1
ME,2,2018,D,O,U,H,U,1
ME,2,2018,D,O,U,R,H,1
ME,2,2018,D,O,U,R,R,2
ME,2,2018,D,O,U,R,U,12
ME,2,2018,D,O,U,U,H,1
ME,2,2018,D,O,U,U,R,8
ME,2,2018,D,O,U,U,U,63
ME,2,2018,D,R,B,B,H,1
ME,2,2018,D,R,B,B,U,9
ME,2,2018,D,R,B,D,D,1
ME,2,2018,D,R,B,D,R,2
ME,2,2018,D,R,B,D,U,24
ME,2,2018,D,R,B,H,B,1
ME,2,2018,D,R,B,H,D,4
ME,2,2018,D,R,B,H,H,6
ME,2,2018,D,R,B,H,R,6
ME,2,2018,D,R,B,H,U,2670
ME,2,2018,D,R,B,O,U,8
ME,2,2018,D,R,B,R,B,1
ME,2,2018,D,R,B,R,D,1
ME,2,2018,D,R,B,R,H,3
ME,2,2018,D,R,B,R,U,106
ME,2,2018,D,R,B,U,H,42
ME,2,2018,D,R,B,U,R,5
ME,2,2018,D,R,B,U,U,315
ME,2,2018,D,R,D,B,H,2
ME,2,2018,D,R,D,B,U,28
ME,2,2018,D,R,D,D,D,12
ME,2,2018,D,R,D,D,R,1
ME,2,2018,D,R,D,H,B,1
ME,2,2018,D,R,D,H,U,4
ME,2,2018,D,R,D,R,D,7
ME,2,2018,D,R,D,R,R,1
ME,2,2018,D,R,D,R,U,2
ME,2,2018,D,R,D,U,B,1
ME,2,2018,D,R,D,U,R,1
ME,2,2018,D,R,D,U,U,6
ME,2,2018,D,R,H,B,B,6
ME,2,2018,D,R,H,B,D,4
ME,2,2018,D,R,H,B,H,1
ME,2,2018,D,R,H,B,R,3
ME,2,2018,D,R,H,B,U,1675
ME,2,2018,D,R,H,D,B,1
ME,2,2018,D,R,H,D,D,1
ME,2,2018,D,R,H,D,U,4
ME,2,2018,D,R,H,H,B,1
ME,2,2018,D,R,H,H,D,1
ME,2,2018,D,R,H,H,U,1
ME,2,2018,D,R,H,O,U,2
ME,2,2018,D,R,H,R,B,1
ME,2,2018,D,R,H,R,U,2
ME,2,2018,D,R,H,U,B,25
ME,2,2018,D,R,H,U,R,1
ME,2,2018,D,R,H,U,U,120
ME,2,2018,D,R,O,B,U,5
ME,2,2018,D,R,O,H,U,8
ME,2,2018,D,R,O,U,H,1
ME,2,2018,D,R,O,U,U,22
ME,2,2018,D,R,R,B,H,1
ME,2,2018,D,R,R,B,U,7
ME,2,2018,D,R,R,D,D,1
ME,2,2018,D,R,R,D,H,1
ME,2,2018,D,R,R,H,B,2
ME,2,2018,D,R,R,H,U,1
ME,2,2018,D,R,R,R,R,5
ME,2,2018,D,R,R,R,U,1
ME,2,2018,D,R,R,U,B,1
ME,2,2018,D,R,R,U,U,5
ME,2,2018,D,R,U,B,B,1
ME,2,2018,D,R,U,B,D,1
ME,2,2018,D,R,U,B,H,22
ME,2,2018,D,R,U,B,U,6
ME,2,2018,D,R,U,H,B,18
ME,2,2018,D,R,U,H,R,2
ME,2,2018,D,R,U,H,U,5
ME,2,2018,D,R,U,R,R,1
ME,2,2018,D,R,U,U,B,1
ME,2,2018,D,R,U,U,O,3
ME,2,2018,D,R,U,U,U,2729
ME,2,2018,D,U,B,B,R,1
ME,2,2018,D,U,B,B,U,1
ME,2,2018,D,U,B,D,H,1
ME,2,2018,D,U,B,D,R,1
ME,2,2018,D,U,B,H,B,1
ME,2,2018,D,U,B,H,O,1
ME,2,2018,D,U,B,H,R,299
ME,2,2018,D,U,B,H,U,31
ME,2,2018,D,U,B,O,R,3
ME,2,2018,D,U,B,O,U,1
ME,2,2018,D,U,B,R,B,2
ME,2,2018,D,U,B,R,H,12
ME,2,2018,D,U,B,R,R,5
ME,2,2018,D,U,B,R,U,8
ME,2,2018,D,U,B,U,H,2
ME,2,2018,D,U,B,U,O,4
ME,2,2018,D,U,B,U,R,7
ME,2,2018,D,U,B,U,U,30
ME,2,2018,D,U,D,D,D,1
ME,2,2018,D,U,D,H,R,8
ME,2,2018,D,U,D,U,U,4
ME,2,2018,D,U,H,B,R,141
ME,2,2018,D,U,H,B,U,17
ME,2,2018,D,U,H,D,D,1
ME,2,2018,D,U,H,D,R,2
ME,2,2018,D,U,H,O,R,2
ME,2,2018,D,U,H,O,U,1
ME,2,2018,D,U,H,R,B,19
ME,2,2018,D,U,H,R,O,1
ME,2,2018,D,U,H,R,R,2
ME,2,2018,D,U,H,R,U,15
ME,2,2018,D,U,H,U,B,2
ME,2,2018,D,U,H,U,O,3
ME,2,2018,D,U,H,U,R,9
ME,2,2018,D,U,H,U,U,18
ME,2,2018,D,U,O,H,R,2
ME,2,2018,D,U,O,O,U,1
ME,2,2018,D,U,O,U,O,1
ME,2,2018,D,U,O,U,R,8
ME,2,2018,D,U,O,U,U,3
ME,2,2018,D,U,R,B,D,1
ME,2,2018,D,U,R,B,H,4
ME,2,2018,D,U,R,B,R,4
ME,2,2018,D,U,R,B,U,2
ME,2,2018,D,U,R,H,B,18
ME,2,2018,D,U,R,H,D,2
ME,2,2018,D,U,R,H,O,1
ME,2,2018,D,U,R,H,U,1
ME,2,2018,D,U,R,U,U,28
ME,2,2018,D,U,U,B,B,1
ME,2,2018,D,U,U,B,H,6
ME,2,2018,D,U,U,B,O,8
ME,2,2018,D,U,U,B,R,8
ME,2,2018,D,U,U,B,U,5
ME,2,2018,D,U,U,D,R,1
ME,2,2018,D,U,U,D,U,2
ME,2,2018,D,U,U,H,B,4
ME,2,2018,D,U,U,H,O,7
ME,2,2018,D,U,U,H,R,11
ME,2,2018,D,U,U,H,U,7
ME,2,2018,D,U,U,O,O,2
ME,2,2018,D,U,U,O,R,9
ME,2,2018,D,U,U,O,U,3
ME,2,2018,D,U,U,R,B,2
ME,2,2018,D,U,U,R,H,1
ME,2,2018,D,U,U,R,R,1
ME,2,2018,D,U,U,R,U,103
ME,2,2018,D,U,U,U,B,14
ME,2,2018,D,U,U,U,D,7
ME,2,2018,D,U,U,U,H,5
ME,2,2018,D,U,U,U,O,69
ME,2,2018,D,U,U,U,R,484
ME,2,2018,D,U,U,U,U,48614
ME,2,2018,H,B,B,R,U,1
ME,2,2018,H,B,D,B,B,1
ME,2,2018,H,B,D,B,H,1
ME,2,2018,H,B,D,B,U,1
ME,2,2018,H,B,D,D,R,1
ME,2,2018,H,B,D,D,U,1
ME,2,2018,H,B,D,H,R,4
ME,2,2018,H,B,D,H,U,5
ME,2,2018,H,B,D,R,D,1
ME,2,2018,H,B,D,R,H,2
ME,2,2018,H,B,D,R,R,5
ME,2,2018,H,B,D,R,U,927
ME,2,2018,H,B,D,U,B,1
ME,2,2018,H,B,D,U,R,76
ME,2,2018,H,B,D,U,U,240
ME,2,2018,H,B,H,B,B,1
ME,2,2018,H,B,H,B,H,13
ME,2,2018,H,B,H,B,O,1
ME,2,2018,H,B,H,B,R,1
ME,2,2018,H,B,H,B,U,1
ME,2,2018,H,B,H,D,D,1
ME,2,2018,H,B,H,H,H,3
ME,2,2018,H,B,H,R,D,1
ME,2,2018,H,B,H,R,U,9
ME,2,2018,H,B,H,U,R,1
ME,2,2018,H,B,H,U,U,3
ME,2,2018,H,B,O,B,R,1
ME,2,2018,H,B,O,R,U,3
ME,2,2018,H,B,O,U,R,1
ME,2,2018,H,B,O,U,U,3
ME,2,2018,H,B,R,B,D,1
ME,2,2018,H,B,R,B,R,1
ME,2,2018,H,B,R,B,U,18
ME,2,2018,H,B,R,D,B,2
ME,2,2018,H,B,R,D,D,4
ME,2,2018,H,B,R,D,H,1
ME,2,2018,H,B,R,D,R,3
ME,2,2018,H,B,R,D,U,480
ME,2,2018,H,B,R,H,B,1
ME,2,2018,H,B,R,H,U,4
ME,2,2018,H,B,R,O,U,2
ME,2,2018,H,B,R,R,D,1
ME,2,2018,H,B,R,R,R,2
ME,2,2018,H,B,R,R,U,1
ME,2,2018,H,B,R,U,D,35
ME,2,2018,H,B,R,U,U,117
ME,2,2018,H,B,U,D,R,47
ME,2,2018,H,B,U,D,U,7
ME,2,2018,H,B,U,H,R,1
ME,2,2018,H,B,U,O,U,1
ME,2,2018,H,B,U,R,D,30
ME,2,2018,H,B,U,R,H,1
ME,2,2018,H,B,U,R,U,1
ME,2,2018,H,B,U,U,D,1
ME,2,2018,H,B,U,U,O,5
ME,2,2018,H,B,U,U,R,4
ME,2,2018,H,B,U,U,U,454
ME,2,2018,H,D,B,B,B,1
ME,2,2018,H,D,B,D,B,1
ME,2,2018,H,D,B,H,H,2
ME,2,2018,H,D,B,H,R,2
ME,2,2018,H,D,B,H,U,3
ME,2,2018,H,D,B,R,D,1
ME,2,2018,H,D,B,R,H,1
ME,2,2018,H,D,B,R,R,5
ME,2,2018,H,D,B,R,U,426
ME,2,2018,H,D,B,U,R,58
ME,2,2018,H,D,B,U,U,223
ME,2,2018,H,D,D,B,B,1
ME,2,2018,H,D,D,D,D,4
ME,2,2018,H,D,D,D,U,1
ME,2,2018,H,D,D,H,D,1
ME,2,2018,H,D,D,H,H,1
ME,2,2018,H,D,D,U,R,1
ME,2,2018,H,D,H,B,R,1
ME,2,2018,H,D,H,B,U,1
ME,2,2018,H,D,H,D,D,1
ME,2,2018,H,D,H,H,H,4
ME,2,2018,H,D,H,R,B,1
ME,2,2018,H,D,H,R,U,1
ME,2,2018,H,D,O,R,U,1
ME,2,2018,H,D,O,U,R,1
ME,2,2018,H,D,R,B,H,1
ME,2,2018,H,D,R,B,U,119
ME,2,2018,H,D,R,U,B,1
ME,2,2018,H,D,R,U,R,1
ME,2,2018,H,D,R,U,U,46
ME,2,2018,H,D,U,B,R,10
ME,2,2018,H,D,U,B,U,1
ME,2,2018,H,D,U,U,O,1
ME,2,2018,H,D,U,U,R,2
ME,2,2018,H,D,U,U,U,247
ME,2,2018,H,H,B,B,H,2
ME,2,2018,H,H,B,D,R,2
ME,2,2018,H,H,B,D,U,1
ME,2,2018,H,H,B,U,U,5
ME,2,2018,H,H,D,B,R,2
ME,2,2018,H,H,D,D,H,2
ME,2,2018,H,H,D,D,U,1
ME,2,2018,H,H,D,U,U,1
ME,2,2018,H,H,H,B,B,1
ME,2,2018,H,H,H,B,H,1
ME,2,2018,H,H,H,D,D,1
ME,2,2018,H,H,H,H,B,2
ME,2,2018,H,H,H,H,H,93
ME,2,2018,H,H,H,H,U,2
ME,2,2018,H,H,H,U,H,1
ME,2,2018,H,H,H,U,R,1
ME,2,2018,H,H,H,U,U,4
ME,2,2018,H,H,R,R,R,1
ME,2,2018,H,H,U,U,U,11
ME,2,2018,H,O,B,R,U,1
ME,2,2018,H,O,B,U,U,1
ME,2,2018,H,O,D,R,U,2
ME,2,2018,H,O,D,U,U,1
ME,2,2018,H,O,H,U,U,1
ME,2,2018,H,O,R,D,U,4
ME,2,2018,H,O,R,U,U,2
ME,2,2018,H,O,U,B,U,1
ME,2,2018,H,O,U,D,D,1
ME,2,2018,H,O,U,R,U,1
ME,2,2018,H,O,U,U,U,1
ME,2,2018,H,R,B,B,B,1
ME,2,2018,H,R,B,B,U,1
ME,2,2018,H,R,B,D,D,2
ME,2,2018,H,R,B,D,H,2
ME,2,2018,H,R,B,D,U,278
ME,2,2018,H,R,B,H,H,1
ME,2,2018,H,R,B,H,R,1
ME,2,2018,H,R,B,H,U,3
ME,2,2018,H,R,B,R,D,1
ME,2,2018,H,R,B,R,U,1
ME,2,2018,H,R,B,U,B,1
ME,2,2018,H,R,B,U,D,15
ME,2,2018,H,R,B,U,R,1
ME,2,2018,H,R,B,U,U,72
ME,2,2018,H,R,D,B,B,3
ME,2,2018,H,R,D,B,U,183
ME,2,2018,H,R,D,D,U,1
ME,2,2018,H,R,D,H,B,1
ME,2,2018,H,R,D,H,U,1
ME,2,2018,H,R,D,U,B,5
ME,2,2018,H,R,D,U,U,33
ME,2,2018,H,R,H,B,B,1
ME,2,2018,H,R,H,B,U,1
ME,2,2018,H,R,H,H,H,3
ME,2,2018,H,R,H,R,H,2
ME,2,2018,H,R,H,R,U,1
ME,2,2018,H,R,O,D,U,2
ME,2,2018,H,R,O,U,U,2
ME,2,2018,H,R,R,R,R,4
ME,2,2018,H,R,R,U,U,2
ME,2,2018,H,R,U,B,D,3
ME,2,2018,H,R,U,B,U,2
ME,2,2018,H,R,U,D,B,4
ME,2,2018,H,R,U,D,U,2
ME,2,2018,H,R,U,U,D,3
ME,2,2018,H,R,U,U,U,225
ME,2,2018,H,U,B,D,R,15
ME,2,2018,H,U,B,D,U,4
ME,2,2018,H,U,B,R,D,15
ME,2,2018,H,U,B,U,U,1
ME,2,2018,H,U,D,B,R,8
ME,2,2018,H,U,D,D,R,2
ME,2,2018,H,U,D,U,U,1
ME,2,2018,H,U,H,D,R,1
ME,2,2018,H,U,H,D,U,1
ME,2,2018,H,U,H,R,B,1
ME,2,2018,H,U,H,U,U,2
ME,2,2018,H,U,R,B,D,4
ME,2,2018,H,U,R,D,B,3
ME,2,2018,H,U,R,D,U,1
ME,2,2018,H,U,R,U,D,1
ME,2,2018,H,U,R,U,O,2
ME,2,2018,H,U,R,U,U,3
ME,2,2018,H,U,U,B,D,1
ME,2,2018,H,U,U,B,O,3
ME,2,2018,H,U,U,D,H,1
ME,2,2018,H,U,U,D,O,1
ME,2,2018,H,U,U,D,R,1
ME,2,2018,H,U,U,R,O,1
ME,2,2018,H,U,U,R,U,2
ME,2,2018,H,U,U,U,D,2
ME,2,2018,H,U,U,U,O,6
ME,2,2018,H,U,U,U,R,3
ME,2,2018,H,U,U,U,U,1975
ME,2,2018,O,B,D,U,U,1
ME,2,2018,O,B,H,D,U,6
ME,2,2018,O,B,H,H,R,1
ME,2,2018,O,B,H,R,R,2
ME,2,2018,O,B,H,R,U,13
ME,2,2018,O,B,H,U,D,1
ME,2,2018,O,B,H,U,U,9
ME,2,2018,O,B,R,D,H,1
ME,2,2018,O,B,R,D,U,1
ME,2,2018,O,B,R,O,U,2
ME,2,2018,O,B,R,R,R,1
ME,2,2018,O,B,R,U,H,1
ME,2,2018,O,B,R,U,U,1
ME,2,2018,O,B,U,U,D,1
ME,2,2018,O,B,U,U,H,1
ME,2,2018,O,B,U,U,R,1
ME,2,2018,O,B,U,U,U,17
ME,2,2018,O,D,B,H,U,1
ME,2,2018,O,D,B,U,U,1
ME,2,2018,O,D,D,D,D,1
ME,2,2018,O,D,H,B,U,6
ME,2,2018,O,D,H,D,B,1
ME,2,2018,O,D,H,R,U,3
ME,2,2018,O,D,H,U,U,2
ME,2,2018,O,D,O,H,D,1
ME,2,2018,O,D,R,R,R,1
ME,2,2018,O,D,R,U,D,1
ME,2,2018,O,D,U,H,U,1
ME,2,2018,O,D,U,R,B,1
ME,2,2018,O,D,U,R,U,1
ME,2,2018,O,D,U,U,R,1
ME,2,2018,O,D,U,U,U,21
ME,2,2018,O,H,B,D,U,5
ME,2,2018,O,H,B,R,U,7
ME,2,2018,O,H,B,U,D,1
ME,2,2018,O,H,B,U,U,14
ME,2,2018,O,H,D,B,U,1
ME,2,2018,O,H,D,R,U,6
ME,2,2018,O,H,D,U,U,2
ME,2,2018,O,H,O,D,O,1
ME,2,2018,O,H,R,D,U,2
ME,2,2018,O,H,R,U,D,1
ME,2,2018,O,H,R,U,U,4
ME,2,2018,O,H,U,B,D,1
ME,2,2018,O,H,U,D,U,3
ME,2,2018,O,H,U,U,B,1
ME,2,2018,O,H,U,U,U,17
ME,2,2018,O,O,B,D,U,1
ME,2,2018,O,O,B,U,U,1
ME,2,2018,O,O,D,D,D,1
ME,2,2018,O,O,D,D,O,1
ME,2,2018,O,O,H,R,U,1
ME,2,2018,O,O,O,O,O,2
ME,2,2018,O,O,R,O,R,1
ME,2,2018,O,O,R,R,U,1
ME,2,2018,O,O,U,B,U,1
ME,2,2018,O,O,U,U,U,6
ME,2,2018,O,R,B,H,U,5
ME,2,2018,O,R,B,U,U,1
ME,2,2018,O,R,D,B,U,1
ME,2,2018,O,R,D,R,U,1
ME,2,2018,O,R,H,B,U,5
ME,2,2018,O,R,H,D,B,1
ME,2,2018,O,R,H,D,U,2
ME,2,2018,O,R,H,U,U,1
ME,2,2018,O,R,R,R,R,2
ME,2,2018,O,R,R,U,U,1
ME,2,2018,O,R,U,B,U,1
ME,2,2018,O,R,U,U,U,8
ME,2,2018,O,U,B,H,R,1
ME,2,2018,O,U,B,H,U,1
ME,2,2018,O,U,B,U,U,1
ME,2,2018,O,U,D,R,U,1
ME,2,2018,O,U,D,U,R,1
ME,2,2018,O,U,H,D,U,3
ME,2,2018,O,U,H,R,U,1
ME,2,2018,O,U,H,U,D,1
ME,2,2018,O,U,H,U,U,1
ME,2,2018,O,U,R,D,U,2
ME,2,2018,O,U,R,H,O,1
ME,2,2018,O,U,R,O,O,1
ME,2,2018,O,U,R,U,D,2
ME,2,2018,O,U,U,B,R,1
ME,2,2018,O,U,U,B,U,1
ME,2,2018,O,U,U,D,U,2
ME,2,2018,O,U,U,H,R,1
ME,2,2018,O,U,U,R,U,2
ME,2,2018,O,U,U,U,B,1
ME,2,2018,O,U,U,U,D,2
ME,2,2018,O,U,U,U,O,6
ME,2,2018,O,U,U,U,R,2
ME,2,2018,O,U,U,U,U,175
ME,2,2018,R,B,B,B,B,6
ME,2,2018,R,B,B,B,D,1
ME,2,2018,R,B,B,B,R,1
ME,2,2018,R,B,B,B,U,2
ME,2,2018,R,B,B,D,D,1
ME,2,2018,R,B,B,D,H,2
ME,2,2018,R,B,B,D,U,7
ME,2,2018,R,B,B,H,B,1
ME,2,2018,R,B,B,H,D,1
ME,2,2018,R,B,B,H,U,4
ME,2,2018,R,B,B,R,B,1
ME,2,2018,R,B,B,R,D,1
ME,2,2018,R,B,B,U,D,3
ME,2,2018,R,B,B,U,R,1
ME,2,2018,R,B,B,U,U,9
ME,2,2018,R,B,D,B,H,1
ME,2,2018,R,B,D,B,U,2
ME,2,2018,R,B,D,D,D,1
ME,2,2018,R,B,D,D,U,18
ME,2,2018,R,B,D,H,B,3
ME,2,2018,R,B,D,H,D,9
ME,2,2018,R,B,D,H,H,7
ME,2,2018,R,B,D,H,R,5
ME,2,2018,R,B,D,H,U,1605
ME,2,2018,R,B,D,O,U,5
ME,2,2018,R,B,D,R,H,2
ME,2,2018,R,B,D,R,R,1
ME,2,2018,R,B,D,R,U,22
ME,2,2018,R,B,D,U,D,5
ME,2,2018,R,B,D,U,H,44
ME,2,2018,R,B,D,U,R,1
ME,2,2018,R,B,D,U,U,372
ME,2,2018,R,B,H,B,B,2
ME,2,2018,R,B,H,B,D,9
ME,2,2018,R,B,H,B,R,1
ME,2,2018,R,B,H,B,U,48
ME,2,2018,R,B,H,D,B,4
ME,2,2018,R,B,H,D,D,46
ME,2,2018,R,B,H,D,H,3
ME,2,2018,R,B,H,D,O,1
ME,2,2018,R,B,H,D,R,9
ME,2,2018,R,B,H,D,U,6727
ME,2,2018,R,B,H,H,D,1
ME,2,2018,R,B,H,H,H,3
ME,2,2018,R,B,H,H,U,13
ME,2,2018,R,B,H,O,U,20
ME,2,2018,R,B,H,R,B,6
ME,2,2018,R,B,H,R,D,9
ME,2,2018,R,B,H,R,R,12
ME,2,2018,R,B,H,R,U,17
ME,2,2018,R,B,H,U,B,1
ME,2,2018,R,B,H,U,D,772
ME,2,2018,R,B,H,U,H,3
ME,2,2018,R,B,H,U,O,1
ME,2,2018,R,B,H,U,R,5
ME,2,2018,R,B,H,U,U,1796
ME,2,2018,R,B,O,B,H,1
ME,2,2018,R,B,O,D,U,16
ME,2,2018,R,B,O,H,U,4
ME,2,2018,R,B,O,O,U,2
ME,2,2018,R,B,O,U,U,11
ME,2,2018,R,B,R,B,B,1
ME,2,2018,R,B,R,B,R,7
ME,2,2018,R,B,R,B,U,3
ME,2,2018,R,B,R,D,U,35
ME,2,2018,R,B,R,H,D,5
ME,2,2018,R,B,R,H,R,1
ME,2,2018,R,B,R,H,U,4
ME,2,2018,R,B,R,R,B,1
ME,2,2018,R,B,R,R,D,1
ME,2,2018,R,B,R,R,R,15
ME,2,2018,R,B,R,R,U,4
ME,2,2018,R,B,R,U,B,1
ME,2,2018,R,B,R,U,D,3
ME,2,2018,R,B,R,U,U,17
ME,2,2018,R,B,U,B,U,1
ME,2,2018,R,B,U,D,H,23
ME,2,2018,R,B,U,D,U,14
ME,2,2018,R,B,U,H,B,2
ME,2,2018,R,B,U,H,D,165
ME,2,2018,R,B,U,H,O,1
ME,2,2018,R,B,U,H,U,10
ME,2,2018,R,B,U,O,D,2
ME,2,2018,R,B,U,O,U,4
ME,2,2018,R,B,U,R,D,2
ME,2,2018,R,B,U,R,U,2
ME,2,2018,R,B,U,U,D,26
ME,2,2018,R,B,U,U,H,2
ME,2,2018,R,B,U,U,O,10
ME,2,2018,R,B,U,U,U,2530
ME,2,2018,R,D,B,B,B,1
ME,2,2018,R,D,B,B,H,1
ME,2,2018,R,D,B,B,U,6
ME,2,2018,R,D,B,D,H,2
ME,2,2018,R,D,B,D,R,1
ME,2,2018,R,D,B,D,U,20
ME,2,2018,R,D,B,H,B,1
ME,2,2018,R,D,B,H,D,1
ME,2,2018,R,D,B,H,H,10
ME,2,2018,R,D,B,H,R,7
ME,2,2018,R,D,B,H,U,3336
ME,2,2018,R,D,B,O,U,13
ME,2,2018,R,D,B,R,D,1
ME,2,2018,R,D,B,R,H,2
ME,2,2018,R,D,B,R,R,1
ME,2,2018,R,D,B,R,U,113
ME,2,2018,R,D,B,U,D,3
ME,2,2018,R,D,B,U,H,51
ME,2,2018,R,D,B,U,U,340
ME,2,2018,R,D,D,B,U,3
ME,2,2018,R,D,D,D,D,3
ME,2,2018,R,D,D,H,U,4
ME,2,2018,R,D,D,R,R,2
ME,2,2018,R,D,D,U,U,2
ME,2,2018,R,D,H,B,B,5
ME,2,2018,R,D,H,B,D,6
ME,2,2018,R,D,H,B,U,2117
ME,2,2018,R,D,H,D,B,1
ME,2,2018,R,D,H,D,H,1
ME,2,2018,R,D,H,D,U,13
ME,2,2018,R,D,H,H,R,1
ME,2,2018,R,D,H,O,U,3
ME,2,2018,R,D,H,R,B,2
ME,2,2018,R,D,H,R,H,2
ME,2,2018,R,D,H,R,R,1
ME,2,2018,R,D,H,R,U,6
ME,2,2018,R,D,H,U,B,23
ME,2,2018,R,D,H,U,D,4
ME,2,2018,R,D,H,U,O,1
ME,2,2018,R,D,H,U,U,163
ME,2,2018,R,D,O,B,U,4
ME,2,2018,R,D,O,D,U,1
ME,2,2018,R,D,O,H,U,4
ME,2,2018,R,D,O,U,U,27
ME,2,2018,R,D,R,B,B,1
ME,2,2018,R,D,R,B,H,3
ME,2,2018,R,D,R,B,U,23
ME,2,2018,R,D,R,D,D,1
ME,2,2018,R,D,R,D,H,1
ME,2,2018,R,D,R,D,R,8
ME,2,2018,R,D,R,D,U,2
ME,2,2018,R,D,R,H,B,1
ME,2,2018,R,D,R,H,R,2
ME,2,2018,R,D,R,H,U,1
ME,2,2018,R,D,R,R,R,7
ME,2,2018,R,D,R,R,U,1
ME,2,2018,R,D,R,U,B,1
ME,2,2018,R,D,R,U,D,1
ME,2,2018,R,D,R,U,U,7
ME,2,2018,R,D,U,B,D,3
ME,2,2018,R,D,U,B,H,19
ME,2,2018,R,D,U,B,U,9
ME,2,2018,R,D,U,D,U,2
ME,2,2018,R,D,U,H,B,28
ME,2,2018,R,D,U,H,U,11
ME,2,2018,R,D,U,O,U,2
ME,2,2018,R,D,U,R,U,2
ME,2,2018,R,D,U,U,D,1
ME,2,2018,R,D,U,U,O,9
ME,2,2018,R,D,U,U,U,2709
ME,2,2018,R,H,B,B,B,1
ME,2,2018,R,H,B,B,D,5
ME,2,2018,R,H,B,B,H,1
ME,2,2018,R,H,B,B,U,44
ME,2,2018,R,H,B,D,D,66
ME,2,2018,R,H,B,D,R,7
ME,2,2018,R,H,B,D,U,9344
ME,2,2018,R,H,B,H,B,1
ME,2,2018,R,H,B,H,D,4
ME,2,2018,R,H,B,H,R,2
ME,2,2018,R,H,B,H,U,60
ME,2,2018,R,H,B,O,D,1
ME,2,2018,R,H,B,O,U,18
ME,2,2018,R,H,B,R,B,2
ME,2,2018,R,H,B,R,D,8
ME,2,2018,R,H,B,R,H,2
ME,2,2018,R,H,B,R,R,14
ME,2,2018,R,H,B,R,U,7
ME,2,2018,R,H,B,U,B,2
ME,2,2018,R,H,B,U,D,1052
ME,2,2018,R,H,B,U,H,1
ME,2,2018,R,H,B,U,O,3
ME,2,2018,R,H,B,U,R,4
ME,2,2018,R,H,B,U,U,2491
ME,2,2018,R,H,D,B,B,12
ME,2,2018,R,H,D,B,D,9
ME,2,2018,R,H,D,B,H,3
ME,2,2018,R,H,D,B,R,4
ME,2,2018,R,H,D,B,U,1734
ME,2,2018,R,H,D,D,B,2
ME,2,2018,R,H,D,D,D,2
ME,2,2018,R,H,D,D,U,30
ME,2,2018,R,H,D,H,B,1
ME,2,2018,R,H,D,H,R,2
ME,2,2018,R,H,D,H,U,2
ME,2,2018,R,H,D,O,B,1
ME,2,2018,R,H,D,O,U,3
ME,2,2018,R,H,D,R,D,1
ME,2,2018,R,H,D,U,B,39
ME,2,2018,R,H,D,U,D,5
ME,2,2018,R,H,D,U,U,212
ME,2,2018,R,H,H,B,D,2
ME,2,2018,R,H,H,B,U,2
ME,2,2018,R,H,H,D,B,1
ME,2,2018,R,H,H,D,U,5
ME,2,2018,R,H,H,H,B,1
ME,2,2018,R,H,H,H,H,2
ME,2,2018,R,H,H,H,U,4
ME,2,2018,R,H,H,R,R,2
ME,2,2018,R,H,H,U,D,1
ME,2,2018,R,H,H,U,U,8
ME,2,2018,R,H,O,B,U,3
ME,2,2018,R,H,O,D,U,16
ME,2,2018,R,H,O,O,D,1
ME,2,2018,R,H,O,U,D,6
ME,2,2018,R,H,O,U,U,15
ME,2,2018,R,H,R,B,D,2
ME,2,2018,R,H,R,B,R,2
ME,2,2018,R,H,R,D,B,2
ME,2,2018,R,H,R,D,U,2
ME,2,2018,R,H,R,H,H,1
ME,2,2018,R,H,R,H,R,5
ME,2,2018,R,H,R,R,H,1
ME,2,2018,R,H,R,R,R,13
ME,2,2018,R,H,R,R,U,2
ME,2,2018,R,H,R,U,B,1
ME,2,2018,R,H,R,U,D,1
ME,2,2018,R,H,R,U,U,7
ME,2,2018,R,H,U,B,B,2
ME,2,2018,R,H,U,B,D,228
ME,2,2018,R,H,U,B,U,11
ME,2,2018,R,H,U,D,B,44
ME,2,2018,R,H,U,D,D,5
ME,2,2018,R,H,U,D,O,1
ME,2,2018,R,H,U,D,U,10
ME,2,2018,R,H,U,O,B,1
ME,2,2018,R,H,U,O,U,1
ME,2,2018,R,H,U,U,B,2
ME,2,2018,R,H,U,U,D,17
ME,2,2018,R,H,U,U,O,8
ME,2,2018,R,H,U,U,R,1
ME,2,2018,R,H,U,U,U,2632
ME,2,2018,R,O,B,D,R,1
ME,2,2018,R,O,B,D,U,19
ME,2,2018,R,O,B,H,U,1
ME,2,2018,R,O,B,O,R,1
ME,2,2018,R,O,B,U,D,2
ME,2,2018,R,O,B,U,U,6
ME,2,2018,R,O,D,B,U,6
ME,2,2018,R,O,D,D,U,1
ME,2,2018,R,O,D,H,U,3
ME,2,2018,R,O,D,U,U,6
ME,2,2018,R,O,H,B,U,8
ME,2,2018,R,O,H,D,U,19
ME,2,2018,R,O,H,U,D,4
ME,2,2018,R,O,H,U,U,4
ME,2,2018,R,O,O,O,O,3
ME,2,2018,R,O,O,R,O,1
ME,2,2018,R,O,O,U,U,2
ME,2,2018,R,O,R,O,O,1
ME,2,2018,R,O,R,O,R,1
ME,2,2018,R,O,R,R,R,2
ME,2,2018,R,O,R,R,U,1
ME,2,2018,R,O,U,B,D,1
ME,2,2018,R,O,U,B,U,2
ME,2,2018,R,O,U,D,D,1
ME,2,2018,R,O,U,D,U,4
ME,2,2018,R,O,U,H,D,1
ME,2,2018,R,O,U,U,D,3
ME,2,2018,R,O,U,U,U,22
ME,2,2018,R,R,B,B,B,9
ME,2,2018,R,R,B,B,U,1
ME,2,2018,R,R,B,D,D,1
ME,2,2018,R,R,B,D,H,1
ME,2,2018,R,R,B,D,R,1
ME,2,2018,R,R,B,D,U,7
ME,2,2018,R,R,B,H,D,10
ME,2,2018,R,R,B,H,R,1
ME,2,2018,R,R,B,H,U,5
ME,2,2018,R,R,B,R,B,1
ME,2,2018,R,R,B,R,R,4
ME,2,2018,R,R,B,R,U,1
ME,2,2018,R,R,B,U,D,3
ME,2,2018,R,R,B,U,U,13
ME,2,2018,R,R,D,B,R,1
ME,2,2018,R,R,D,D,B,1
ME,2,2018,R,R,D,D,R,3
ME,2,2018,R,R,D,H,H,1
ME,2,2018,R,R,D,H,O,1
ME,2,2018,R,R,D,H,U,1
ME,2,2018,R,R,D,R,D,1
ME,2,2018,R,R,D,U,U,1
ME,2,2018,R,R,H,B,B,2
ME,2,2018,R,R,H,B,D,9
ME,2,2018,R,R,H,B,U,2
ME,2,2018,R,R,H,D,B,3
ME,2,2018,R,R,H,D,U,5
ME,2,2018,R,R,H,H,B,2
ME,2,2018,R,R,H,H,H,2
ME,2,2018,R,R,H,R,D,1
ME,2,2018,R,R,H,R,R,3
ME,2,2018,R,R,H,U,U,9
ME,2,2018,R,R,R,B,B,5
ME,2,2018,R,R,R,B,H,1
ME,2,2018,R,R,R,B,U,1
ME,2,2018,R,R,R,D,B,2
ME,2,2018,R,R,R,D,D,6
ME,2,2018,R,R,R,D,U,2
ME,2,2018,R,R,R,H,B,5
ME,2,2018,R,R,R,H,H,8
ME,2,2018,R,R,R,H,U,3
ME,2,2018,R,R,R,O,R,1
ME,2,2018,R,R,R,R,B,9
ME,2,2018,R,R,R,R,D,11
ME,2,2018,R,R,R,R,H,4
ME,2,2018,R,R,R,R,O,1
ME,2,2018,R,R,R,R,R,5299
ME,2,2018,R,R,R,R,U,240
ME,2,2018,R,R,R,U,R,3
ME,2,2018,R,R,R,U,U,144
ME,2,2018,R,R,U,D,U,1
ME,2,2018,R,R,U,H,B,1
ME,2,2018,R,R,U,R,R,3
ME,2,2018,R,R,U,R,U,1
ME,2,2018,R,R,U,U,D,1
ME,2,2018,R,R,U,U,H,2
ME,2,2018,R,R,U,U,R,1
ME,2,2018,R,R,U,U,U,370
ME,2,2018,R,U,B,B,U,5
ME,2,2018,R,U,B,D,D,5
ME,2,2018,R,U,B,D,H,54
ME,2,2018,R,U,B,D,U,14
ME,2,2018,R,U,B,H,D,394
ME,2,2018,R,U,B,H,H,1
ME,2,2018,R,U,B,H,O,1
ME,2,2018,R,U,B,H,U,8
ME,2,2018,R,U,B,O,D,2
ME,2,2018,R,U,B,O,U,2
ME,2,2018,R,U,B,U,D,9
ME,2,2018,R,U,B,U,H,3
ME,2,2018,R,U,B,U,O,3
ME,2,2018,R,U,B,U,U,25
ME,2,2018,R,U,D,B,D,5
ME,2,2018,R,U,D,B,H,28
ME,2,2018,R,U,D,B,U,8
ME,2,2018,R,U,D,D,H,1
ME,2,2018,R,U,D,D,U,1
ME,2,2018,R,U,D,H,B,23
ME,2,2018,R,U,D,H,D,2
ME,2,2018,R,U,D,H,R,1
ME,2,2018,R,U,D,H,U,2
ME,2,2018,R,U,D,O,D,1
ME,2,2018,R,U,D,O,U,1
ME,2,2018,R,U,D,U,B,1
ME,2,2018,R,U,D,U,U,21
ME,2,2018,R,U,H,B,B,3
ME,2,2018,R,U,H,B,D,854
ME,2,2018,R,U,H,B,O,5
ME,2,2018,R,U,H,B,U,22
ME,2,2018,R,U,H,D,B,122
ME,2,2018,R,U,H,D,D,5
ME,2,2018,R,U,H,D,O,1
ME,2,2018,R,U,H,D,U,7
ME,2,2018,R,U,H,H,U,2
ME,2,2018,R,U,H,O,D,2
ME,2,2018,R,U,H,R,R,1
ME,2,2018,R,U,H,U,B,4
ME,2,2018,R,U,H,U,D,7
ME,2,2018,R,U,H,U,O,2
ME,2,2018,R,U,H,U,U,26
ME,2,2018,R,U,O,B,D,4
ME,2,2018,R,U,O,B,H,1
ME,2,2018,R,U,O,B,U,2
ME,2,2018,R,U,O,D,U,5
ME,2,2018,R,U,O,H,D,2
ME,2,2018,R,U,O,O,B,1
ME,2,2018,R,U,O,U,D,2
ME,2,2018,R,U,O,U,U,4
ME,2,2018,R,U,R,B,D,8
ME,2,2018,R,U,R,B,H,1
ME,2,2018,R,U,R,B,U,1
ME,2,2018,R,U,R,H,B,1
ME,2,2018,R,U,R,H,D,1
ME,2,2018,R,U,R,R,B,1
ME,2,2018,R,U,R,R,R,11
ME,2,2018,R,U,R,R,U,1
ME,2,2018,R,U,R,U,B,1
ME,2,2018,R,U,R,U,R,1
ME,2,2018,R,U,R,U,U,6
ME,2,2018,R,U,U,B,D,29
ME,2,2018,R,U,U,B,H,4
ME,2,2018,R,U,U,B,O,12
ME,2,2018,R,U,U,B,U,5
ME,2,2018,R,U,U,D,B,7
ME,2,2018,R,U,U,D,D,2
ME,2,2018,R,U,U,D,H,2
ME,2,2018,R,U,U,D,O,5
ME,2,2018,R,U,U,D,U,77
ME,2,2018,R,U,U,H,B,8
ME,2,2018,R,U,U,H,D,16
ME,2,2018,R,U,U,H,O,11
ME,2,2018,R,U,U,H,U,5
ME,2,2018,R,U,U,O,B,2
ME,2,2018,R,U,U,O,D,18
ME,2,2018,R,U,U,O,H,1
ME,2,2018,R,U,U,O,O,1
ME,2,2018,R,U,U,O,U,7
ME,2,2018,R,U,U,R,B,1
ME,2,2018,R,U,U,R,R,3
ME,2,2018,R,U,U,R,U,4
ME,2,2018,R,U,U,U,B,18
ME,2,2018,R,U,U,U,D,355
ME,2,2018,R,U,U,U,H,11
ME,2,2018,R,U,U,U,O,249
ME,2,2018,R,U,U,U,R,7
ME,2,2018,R,U,U,U,U,83022
ME,2,2018,U,B,B,H,D,1
ME,2,2018,U,B,B,U,U,2
ME,2,2018,U,B,D,D,U,1
ME,2,2018,U,B,D,H,R,11
ME,2,2018,U,B,D,H,U,5
ME,2,2018,U,B,D,R,H,1
ME,2,2018,U,B,D,R,U,1
ME,2,2018,U,B,D,U,U,2
ME,2,2018,U,B,H,B,R,1
ME,2,2018,U,B,H,D,R,9
ME,2,2018,U,B,H,D,U,15
ME,2,2018,U,B,H,R,D,8
ME,2,2018,U,B,H,R,U,1
ME,2,2018,U,B,H,U,D,1
ME,2,2018,U,B,H,U,O,3
ME,2,2018,U,B,H,U,R,1
ME,2,2018,U,B,H,U,U,10
ME,2,2018,U,B,O,R,U,1
ME,2,2018,U,B,R,D,U,1
ME,2,2018,U,B,R,H,D,6
ME,2,2018,U,B,R,H,U,1
ME,2,2018,U,B,R,O,U,1
ME,2,2018,U,B,R,U,D,1
ME,2,2018,U,B,U,H,O,1
ME,2,2018,U,B,U,H,U,1
ME,2,2018,U,B,U,R,D,1
ME,2,2018,U,B,U,R,U,1
ME,2,2018,U,B,U,U,D,1
ME,2,2018,U,B,U,U,R,1
ME,2,2018,U,B,U,U,U,47
ME,2,2018,U,D,B,D,R,1
ME,2,2018,U,D,B,H,R,9
ME,2,2018,U,D,B,H,U,8
ME,2,2018,U,D,B,R,H,1
ME,2,2018,U,D,B,R,U,2
ME,2,2018,U,D,B,U,U,2
ME,2,2018,U,D,D,D,D,1
ME,2,2018,U,D,H,B,R,6
ME,2,2018,U,D,H,B,U,7
ME,2,2018,U,D,H,R,B,1
ME,2,2018,U,D,H,R,U,4
ME,2,2018,U,D,H,U,D,1
ME,2,2018,U,D,H,U,R,2
ME,2,2018,U,D,H,U,U,4
ME,2,2018,U,D,O,B,U,1
ME,2,2018,U,D,O,U,U,1
ME,2,2018,U,D,R,B,H,1
ME,2,2018,U,D,R,H,B,2
ME,2,2018,U,D,R,U,U,3
ME,2,2018,U,D,U,R,U,2
ME,2,2018,U,D,U,U,O,1
ME,2,2018,U,D,U,U,R,3
ME,2,2018,U,D,U,U,U,128
ME,2,2018,U,H,B,D,R,7
ME,2,2018,U,H,B,D,U,8
ME,2,2018,U,H,B,R,D,6
ME,2,2018,U,H,B,R,U,1
ME,2,2018,U,H,B,U,D,4
ME,2,2018,U,H,B,U,U,10
ME,2,2018,U,H,D,B,R,4
ME,2,2018,U,H,D,B,U,3
ME,2,2018,U,H,D,R,U,1
ME,2,2018,U,H,D,U,R,1
ME,2,2018,U,H,D,U,U,1
ME,2,2018,U,H,H,B,U,1
ME,2,2018,U,H,O,D,U,3
ME,2,2018,U,H,O,U,U,1
ME,2,2018,U,H,R,B,D,1
ME,2,2018,U,H,R,B,U,1
ME,2,2018,U,H,R,D,B,1
ME,2,2018,U,H,R,D,U,1
ME,2,2018,U,H,R,U,U,2
ME,2,2018,U,H,U,D,R,1
ME,2,2018,U,H,U,H,U,1
ME,2,2018,U,H,U,O,U,1
ME,2,2018,U,H,U,R,O,1
ME,2,2018,U,H,U,R,U,1
ME,2,2018,U,H,U,U,U,31
ME,2,2018,U,O,D,U,U,1
ME,2,2018,U,O,H,D,U,1
ME,2,2018,U,O,H,R,U,1
ME,2,2018,U,O,H,U,U,1
ME,2,2018,U,O,O,U,U,1
ME,2,2018,U,O,R,U,D,1
ME,2,2018,U,O,U,D,R,1
ME,2,2018,U,O,U,U,U,4
ME,2,2018,U,R,B,D,H,3
ME,2,2018,U,R,B,D,R,1
ME,2,2018,U,R,B,D,U,5
ME,2,2018,U,R,B,H,D,4
ME,2,2018,U,R,B,H,U,2
ME,2,2018,U,R,B,U,U,3
ME,2,2018,U,R,D,B,H,6
ME,2,2018,U,R,D,B,U,4
ME,2,2018,U,R,D,H,B,6
ME,2,2018,U,R,D,O,U,1
ME,2,2018,U,R,D,U,U,6
ME,2,2018,U,R,H,B,D,18
ME,2,2018,U,R,H,B,U,2
ME,2,2018,U,R,H,D,B,7
ME,2,2018,U,R,H,D,O,1
ME,2,2018,U,R,H,D,U,2
ME,2,2018,U,R,H,U,U,2
ME,2,2018,U,R,O,D,U,1
ME,2,2018,U,R,O,U,H,1
ME,2,2018,U,R,R,R,U,1
ME,2,2018,U,R,R,U,U,1
ME,2,2018,U,R,U,B,D,1
ME,2,2018,U,R,U,B,O,1
ME,2,2018,U,R,U,D,U,1
ME,2,2018,U,R,U,R,U,1
ME,2,2018,U,R,U,U,D,1
ME,2,2018,U,R,U,U,U,109
ME,2,2018,U,U,B,D,O,1
ME,2,2018,U,U,B,R,D,3
ME,2,2018,U,U,B,U,U,9
ME,2,2018,U,U,D,B,R,1
ME,2,2018,U,U,D,B,U,1
ME,2,2018,U,U,D,H,R,1
ME,2,2018,U,U,D,O,R,1
ME,2,2018,U,U,D,O,U,1
ME,2,2018,U,U,D,R,U,1
ME,2,2018,U,U,D,U,O,1
ME,2,2018,U,U,D,U,R,1
ME,2,2018,U,U,D,U,U,20
ME,2,2018,U,U,H,B,D,6
ME,2,2018,U,U,H,D,O,2
ME,2,2018,U,U,H,D,U,1
ME,2,2018,U,U,H,R,U,3
ME,2,2018,U,U,H,U,R,1
ME,2,2018,U,U,H,U,U,11
ME,2,2018,U,U,O,D,U,1
ME,2,2018,U,U,O,H,U,1
ME,2,2018,U,U,O,U,O,1
ME,2,2018,U,U,O,U,U,1
ME,2,2018,U,U,R,D,U,1
ME,2,2018,U,U,R,R,U,2
ME,2,2018,U,U,R,U,U,20
ME,2,2018,U,U,U,B,D,2
ME,2,2018,U,U,U,B,H,1
ME,2,2018,U,U,U,B,O,1
ME,2,2018,U,U,U,B,U,5
ME,2,2018,U,U,U,D,R,9
ME,2,2018,U,U,U,D,U,7
ME,2,2018,U,U,U,H,O,2
ME,2,2018,U,U,U,H,U,6
ME,2,2018,U,U,U,O,H,1
ME,2,2018,U,U,U,O,R,1
ME,2,2018,U,U,U,O,U,1
ME,2,2018,U,U,U,R,D,4
ME,2,2018,U,U,U,R,O,1
ME,2,2018,U,U,U,R,U,39
ME,2,2018,U,U,U,U,B,7
ME,2,2018,U,U,U,U,D,34
ME,2,2018,U,U,U,U,H,10
ME,2,2018,U,U,U,U,O,20
ME,2,2018,U,U,U,U,R,64
ME,2,2018,U,U,U,U,U,5711
